{"cameraMode":{"drawMode":0,"name":"Shaded","section":"Shading Mode"},"sceneLighting":false,"audioPlay":false,"sceneViewState":{"showFog":true,"showMaterialUpdate":false,"showSkybox":true,"showFlares":true,"showImageEffects":true,"showParticleSystems":true},"in2DMode":false,"pivot":{"x":0.4559668302536011,"y":-0.022320996969938279,"z":-0.3138220012187958},"rotation":{"x":0.22972647845745088,"y":0.7163199782371521,"z":-0.2747974693775177,"w":0.5988321900367737},"size":0.4936068654060364,"orthographic":false}