{"cameraMode":{"drawMode":0,"name":"Shaded","section":"Shading Mode"},"sceneLighting":false,"audioPlay":false,"sceneViewState":{"showFog":true,"showMaterialUpdate":false,"showSkybox":true,"showFlares":true,"showImageEffects":true,"showParticleSystems":true},"in2DMode":false,"pivot":{"x":24.73211669921875,"y":26.267879486083986,"z":316.27239990234377},"rotation":{"x":0.5194116234779358,"y":0.47860661149024966,"z":-0.46812018752098086,"w":0.5310679078102112},"size":143.2993927001953,"orthographic":false}