{"cameraMode":{"drawMode":0,"name":"Shaded","section":"Shading Mode"},"sceneLighting":false,"audioPlay":false,"sceneViewState":{"showFog":true,"showMaterialUpdate":false,"showSkybox":true,"showFlares":true,"showImageEffects":true,"showParticleSystems":true},"in2DMode":false,"pivot":{"x":55.13999938964844,"y":1.3500003814697266,"z":-7.670000076293945},"rotation":{"x":0.1943478137254715,"y":-0.15146304666996003,"z":0.03038785234093666,"w":0.9686933755874634},"size":85.73651885986328,"orthographic":true}