{"cameraMode":{"drawMode":0,"name":"Shaded","section":"Shading Mode"},"sceneLighting":false,"audioPlay":false,"sceneViewState":{"showFog":true,"showMaterialUpdate":false,"showSkybox":true,"showFlares":true,"showImageEffects":true,"showParticleSystems":true},"in2DMode":false,"pivot":{"x":-0.04412269592285156,"y":-0.05751180648803711,"z":0.051530301570892337},"rotation":{"x":0.23456890881061555,"y":0.7119626998901367,"z":-0.2780377268791199,"w":0.6006530523300171},"size":6.481643199920654,"orthographic":false}