{"cameraMode":{"drawMode":0,"name":"Shaded","section":"Shading Mode"},"sceneLighting":false,"audioPlay":false,"sceneViewState":{"showFog":true,"showMaterialUpdate":false,"showSkybox":true,"showFlares":true,"showImageEffects":true,"showParticleSystems":true},"in2DMode":false,"pivot":{"x":-1.1641532182693482e-10,"y":1.6716392040252686,"z":-0.0000021457672119140627},"rotation":{"x":0.22972647845745088,"y":0.7163199782371521,"z":-0.2747974693775177,"w":0.5988321900367737},"size":9.992533683776856,"orthographic":false}