{"cameraMode":{"drawMode":0,"name":"Shaded","section":"Shading Mode"},"sceneLighting":false,"audioPlay":false,"sceneViewState":{"showFog":true,"showMaterialUpdate":false,"showSkybox":true,"showFlares":true,"showImageEffects":true,"showParticleSystems":true},"in2DMode":false,"pivot":{"x":41.75795364379883,"y":24.087039947509767,"z":287.46240234375},"rotation":{"x":0.43286260962486269,"y":0.5671427845954895,"z":-0.4947340786457062,"w":0.4962237775325775},"size":155.10133361816407,"orthographic":false}